 [{"Job Title":"Cleaning service employee Level 1","Hourly pay rate":"$18.91","Saturday":"$28.37","Sunday":"$37.82","Public holiday":"$47.28","Age":"21 years & Over","Job Type":"Full time"},
  {"Job Title":"Cleaning service employee Level 2","Hourly pay rate":"$19.56","Saturday":"$29.34","Sunday":"$39.12","Public holiday":"$48.90","Age":"21 years & Over","Job Type":"Full time"},
  {"Job Title":"Cleaning service employee Level 3","Hourly pay rate":"$20.61","Saturday":"$30.92","Sunday":"$41.22","Public holiday":"$51.53","Age":"21 years & Over","Job Type":"Full time"},
  {"Job Title":"Cleaning service employee Level 1","Hourly pay rate":"$21.75","Saturday":"$31.20","Sunday":"$40.66","Public holiday":"$50.11","Age":"21 years & Over","Job Type":"Part time"},
  {"Job Title":"Cleaning service employee Level 2","Hourly pay rate":"$22.49","Saturday":"$32.27","Sunday":"$42.05","Public holiday":"$51.83","Age":"21 years & Over","Job Type":"Part time"},
  {"Job Title":"Cleaning service employee Level 3","Hourly pay rate":"$23.70","Saturday":"$34.01","Sunday":"$44.31","Public holiday":"$54.62","Age":"21 years & Over","Job Type":"Part time"},
  {"Job Title":"Cleaning service employee Level 1","Hourly pay rate":"$23.64","Saturday":"$33.09","Sunday":"$42.55","Public holiday":"$52.00","Age":"21 years & Over","Job Type":"Casual"},
  {"Job Title":"Cleaning service employee Level 2","Hourly pay rate":"$24.45","Saturday":"$34.23","Sunday":"$44.01","Public holiday":"$53.79","Age":"21 years & Over","Job Type":"Casual"},
  {"Job Title":"Cleaning service employee Level 3","Hourly pay rate":"$25.76","Saturday":"$36.07","Sunday":"$46.37","Public holiday":"$56.68","Age":"21 years & Over","Job Type":"Casual"},
  {"Job Title":"Cleaning service employee Level 1","Hourly pay rate":"$8.51","Saturday":"$12.77","Sunday":"$17.02","Public holiday":"$21.28","Age":"Under 16 years","Job Type":"Full time"},
  {"Job Title":"Cleaning service employee Level 1","Hourly pay rate":"$9.45","Saturday":"$14.18","Sunday":"$18.90","Public holiday":"$23.63","Age":"16 years","Job Type":"Full time"},
  {"Job Title":"Cleaning service employee Level 1","Hourly pay rate":"$11.34","Saturday":"$17.01","Sunday":"$22.68","Public holiday":"$28.35","Age":"17 years","Job Type":"Full time"},
  {"Job Title":"Cleaning service employee Level 1","Hourly pay rate":"$13.23","Saturday":"$19.85","Sunday":"$26.46","Public holiday":"$33.08","Age":"18 years","Job Type":"Full time"},
  {"Job Title":"Cleaning service employee Level 1","Hourly pay rate":"$15.12","Saturday":"$22.68","Sunday":"$30.24","Public holiday":"$37.80","Age":"19 years","Job Type":"Full time"},
  {"Job Title":"Cleaning service employee Level 1","Hourly pay rate":"$17.01","Saturday":"$25.52","Sunday":"$34.02","Public holiday":"$42.53","Age":"20 years","Job Type":"Full time"},
  {"Job Title":"Cleaning service employee Level 1","Hourly pay rate":"$9.79","Saturday":"$14.04","Sunday":"$18.30","Public holiday":"$22.55","Age":"Under 16 years","Job Type":"Part time"},
  {"Job Title":"Cleaning service employee Level 1","Hourly pay rate":"$9.79","Saturday":"$14.04","Sunday":"$18.30","Public holiday":"$22.55","Age":"16 years","Job Type":"Part time"},
  {"Job Title":"Cleaning service employee Level 1","Hourly pay rate":"$13.04","Saturday":"$18.71","Sunday":"$24.38","Public holiday":"$30.05","Age":"17 years","Job Type":"Part time"},
  {"Job Title":"Cleaning service employee Level 1","Hourly pay rate":"$15.21","Saturday":"$18.71","Sunday":"$24.38","Public holiday":"$30.05","Age":"18 years","Job Type":"Part time"},
  {"Job Title":"Cleaning service employee Level 1","Hourly pay rate":"$17.39","Saturday":"$24.95","Sunday":"$32.51","Public holiday":"$40.07","Age":"19 years","Job Type":"Part time"},
  {"Job Title":"Cleaning service employee Level 1","Hourly pay rate":"$17.39","Saturday":"$24.95","Sunday":"$32.51","Public holiday":"$40.07","Age":"20 years","Job Type":"Part time"},
  {"Job Title":"Cleaning service employee Level 2","Hourly pay rate":"$19.56","Saturday":"$29.34","Sunday":"$39.12","Public holiday":"$48.90","Age":"Under 16 years","Job Type":"Full time"},
  {"Job Title":"Cleaning service employee Level 2","Hourly pay rate":"$19.56","Saturday":"$29.34","Sunday":"$39.12","Public holiday":"$48.90","Age":"16 years","Job Type":"Full time"},
  {"Job Title":"Cleaning service employee Level 2","Hourly pay rate":"$19.56","Saturday":"$29.34","Sunday":"$39.12","Public holiday":"$48.90","Age":"17 years","Job Type":"Full time"},
  {"Job Title":"Cleaning service employee Level 2","Hourly pay rate":"$19.56","Saturday":"$29.34","Sunday":"$39.12","Public holiday":"$48.90","Age":"18 years","Job Type":"Full time"},
  {"Job Title":"Cleaning service employee Level 2","Hourly pay rate":"$19.56","Saturday":"$29.34","Sunday":"$39.12","Public holiday":"$48.90","Age":"19 years","Job Type":"Full time"},
  {"Job Title":"Cleaning service employee Level 2","Hourly pay rate":"$19.56","Saturday":"$29.34","Sunday":"$39.12","Public holiday":"$48.90","Age":"20 years","Job Type":"Full time"},
  {"Job Title":"Cleaning service employee Level 2","Hourly pay rate":"$22.49","Saturday":"$32.27","Sunday":"$42.05","Public holiday":"$51.83","Age":"Under 16 years","Job Type":"Part time"},
  {"Job Title":"Cleaning service employee Level 2","Hourly pay rate":"$22.49","Saturday":"$32.27","Sunday":"$42.05","Public holiday":"$51.83","Age":"16 years","Job Type":"Part time"},
  {"Job Title":"Cleaning service employee Level 2","Hourly pay rate":"$22.49","Saturday":"$32.27","Sunday":"$42.05","Public holiday":"$51.83","Age":"17 years","Job Type":"Part time"},
  {"Job Title":"Cleaning service employee Level 2","Hourly pay rate":"$22.49","Saturday":"$32.27","Sunday":"$42.05","Public holiday":"$51.83","Age":"18 years","Job Type":"Part time"},
  {"Job Title":"Cleaning service employee Level 2","Hourly pay rate":"$22.49","Saturday":"$32.27","Sunday":"$42.05","Public holiday":"$51.83","Age":"19 years","Job Type":"Part time"},
  {"Job Title":"Cleaning service employee Level 2","Hourly pay rate":"$22.49","Saturday":"$32.27","Sunday":"$42.05","Public holiday":"$51.83","Age":"20 years","Job Type":"Part time"},
  {"Job Title":"Cleaning service employee Level 2","Hourly pay rate":"$24.45","Saturday":"$34.23","Sunday":"$44.01","Public holiday":"$53.79","Age":"Under 16 years","Job Type":"Casual"},
  {"Job Title":"Cleaning service employee Level 2","Hourly pay rate":"$24.45","Saturday":"$34.23","Sunday":"$44.01","Public holiday":"$53.79","Age":"16 years","Job Type":"Casual"},
  {"Job Title":"Cleaning service employee Level 2","Hourly pay rate":"$24.45","Saturday":"$34.23","Sunday":"$44.01","Public holiday":"$53.79","Age":"17 years","Job Type":"Casual"},
  {"Job Title":"Cleaning service employee Level 2","Hourly pay rate":"$24.45","Saturday":"$34.23","Sunday":"$44.01","Public holiday":"$53.79","Age":"18 years","Job Type":"Casual"},
  {"Job Title":"Cleaning service employee Level 2","Hourly pay rate":"$24.45","Saturday":"$34.23","Sunday":"$44.01","Public holiday":"$53.79","Age":"19 years","Job Type":"Casual"},
  {"Job Title":"Cleaning service employee Level 2","Hourly pay rate":"$24.45","Saturday":"$34.23","Sunday":"$44.01","Public holiday":"$53.79","Age":"20 years","Job Type":"Casual"},
  {"Job Title":"Cleaning service employee Level 3","Hourly pay rate":"$20.61","Saturday":"$30.92","Sunday":"$41.22","Public holiday":"$51.53","Age":"Under 16 years","Job Type":"Full time"},
  {"Job Title":"Cleaning service employee Level 3","Hourly pay rate":"$20.61","Saturday":"$30.92","Sunday":"$41.22","Public holiday":"$51.53","Age":"16 years","Job Type":"Full time"},
  {"Job Title":"Cleaning service employee Level 3","Hourly pay rate":"$20.61","Saturday":"$30.92","Sunday":"$41.22","Public holiday":"$51.53","Age":"17 years","Job Type":"Full time"},
  {"Job Title":"Cleaning service employee Level 3","Hourly pay rate":"$20.61","Saturday":"$30.92","Sunday":"$41.22","Public holiday":"$51.53","Age":"18 years","Job Type":"Full time"},
  {"Job Title":"Cleaning service employee Level 3","Hourly pay rate":"$20.61","Saturday":"$30.92","Sunday":"$41.22","Public holiday":"$51.53","Age":"19 years","Job Type":"Full time"},
  {"Job Title":"Cleaning service employee Level 3","Hourly pay rate":"$20.61","Saturday":"$30.92","Sunday":"$41.22","Public holiday":"$51.53","Age":"20 years","Job Type":"Full time"},
  {"Job Title":"Cleaning service employee Level 3","Hourly pay rate":"$23.70","Saturday":"$34.01","Sunday":"$44.31","Public holiday":"$54.62","Age":"Under 16 years","Job Type":"Part time"},
  {"Job Title":"Cleaning service employee Level 3","Hourly pay rate":"$23.70","Saturday":"$34.01","Sunday":"$44.31","Public holiday":"$54.62","Age":"17 years","Job Type":"Part time"},
  {"Job Title":"Cleaning service employee Level 3","Hourly pay rate":"$23.70","Saturday":"$34.01","Sunday":"$44.31","Public holiday":"$54.62","Age":"18 years","Job Type":"Part time"},
  {"Job Title":"Cleaning service employee Level 3","Hourly pay rate":"$23.70","Saturday":"$34.01","Sunday":"$44.31","Public holiday":"$54.62","Age":"19 years","Job Type":"Part time"},
  {"Job Title":"Cleaning service employee Level 3","Hourly pay rate":"$23.70","Saturday":"$34.01","Sunday":"$44.31","Public holiday":"$54.62","Age":"20 years","Job Type":"Part time"},
  {"Job Title":"Cleaning service employee Level 3","Hourly pay rate":"$25.76","Saturday":"$36.07","Sunday":"$43.37","Public holiday":"$56.68","Age":"Under 16 years","Job Type":"Casual"},
  {"Job Title":"Cleaning service employee Level 3","Hourly pay rate":"$25.76","Saturday":"$36.07","Sunday":"$43.37","Public holiday":"$56.68","Age":"17 years","Job Type":"Casual"},
  {"Job Title":"Cleaning service employee Level 3","Hourly pay rate":"$25.76","Saturday":"$36.07","Sunday":"$43.37","Public holiday":"$56.68","Age":"18 years","Job Type":"Casual"},
  {"Job Title":"Cleaning service employee Level 3","Hourly pay rate":"$25.76","Saturday":"$36.07","Sunday":"$43.37","Public holiday":"$56.68","Age":"19 years","Job Type":"Casual"},
  {"Job Title":"Cleaning service employee Level 3","Hourly pay rate":"$25.76","Saturday":"$36.07","Sunday":"$43.37","Public holiday":"$56.68","Age":"20 years","Job Type":"Casual"},
  {"Job Title":"Cleaning service employee Level 1","Hourly pay rate":"$14.18","Saturday":"$19.85","Sunday":"$25.52","Public holiday":"$31.19","Age":"17 years","Job Type":"Casual"},
  {"Job Title":"Cleaning service employee Level 1","Hourly pay rate":"$16.54","Saturday":"$23.15","Sunday":"$29.77","Public holiday":"$36.38","Age":"18 years","Job Type":"Casual"},
  {"Job Title":"Cleaning service employee Level 1","Hourly pay rate":"$18.90","Saturday":"$26.46","Sunday":"$34.02","Public holiday":"$41.58","Age":"19 years","Job Type":"Casual"},
  {"Job Title":"Cleaning service employee Level 1","Hourly pay rate":"$21.26","Saturday":"$29.77","Sunday":"$38.27","Public holiday":"$46.78","Age":"20 years","Job Type":"Casual"}]