[{"Job Title":"Level 1","Hourly pay rate":"$19.44","Saturday":"$24.30","Sunday":"$29.16","Public holiday":"$48.60","Age":"21 years & Over","Job Type":"Full time & Part time"},
{"Job Title":"Level 2","Hourly pay rate":"$20.61","Saturday":"$25.76","Sunday":"$30.92","Public holiday":"$51.53","Age":"21 years & Over","Job Type":"Full time & Part time"},
{"Job Title":"Level 3 - in charge of 1 or no persons","Hourly pay rate":"$20.93","Saturday":"$26.16","Sunday":"$31.40","Public holiday":"$52.33","Age":"21 years & Over","Job Type":"Full time & Part time"},
{"Job Title":"Level 3 - in charge of 2 or more persons","Hourly pay rate":"$21.18","Saturday":"$26.48","Sunday":"$31.77","Public holiday":"$52.95","Age":"21 years & Over","Job Type":"Full time & Part time"},
{"Job Title":"Level 1","Hourly pay rate":"$24.30","Saturday":"$29.16","Sunday":"$34.02","Public holiday":"$53.46","Age":"21 years & Over","Job Type":"Casual"},
{"Job Title":"Level 2","Hourly pay rate":"$25.76","Saturday":"$30.92","Sunday":"$36.07","Public holiday":"$56.68","Age":"21 years & Over","Job Type":"Casual"},
{"Job Title":"Level 3 - in charge of 1 or no persons","Hourly pay rate":"$26.16","Saturday":"$31.40","Sunday":"$36.63","Public holiday":"$57.56","Age":"21 years & Over","Job Type":"Casual"},
{"Job Title":"Level 3 - in charge of 2 or more persons","Hourly pay rate":"$26.48","Saturday":"$31.77","Sunday":"$37.07","Public holiday":"$58.25","Age":"21 years & Over","Job Type":"Casual"},
{"Job Title":"Level 1","Hourly pay rate":"$7.78","Saturday":"$9.73","Sunday":"$11.67","Public holiday":"$19.45","Age":"Under 16 years","Job Type":"Full time & Part time"},
{"Job Title":"Level 2","Hourly pay rate":"$8.25","Saturday":"$10.31","Sunday":"$12.38","Public holiday":"$20.63","Age":"Under 16 years","Job Type":"Full time & Part time"},
{"Job Title":"Level 3 - in charge of 1 or no persons","Hourly pay rate":"$8.37","Saturday":"$10.46","Sunday":"$12.56","Public holiday":"$20.93","Age":"Under 16 years","Job Type":"Full time & Part time"},
{"Job Title":"Level 3 - in charge of 2 or more persons","Hourly pay rate":"$8.47","Saturday":"$10.59","Sunday":"$12.71","Public holiday":"$21.18","Age":"Under 16 years","Job Type":"Full time & Part time"},
{"Job Title":"Level 1","Hourly pay rate":"$9.72","Saturday":"$12.15","Sunday":"$14.58","Public holiday":"$24.30","Age":"16 years","Job Type":"Full time & Part time"},
{"Job Title":"Level 2","Hourly pay rate":"$10.31","Saturday":"$12.89","Sunday":"$15.47","Public holiday":"$25.78","Age":"16 years","Job Type":"Full time & Part time"},
{"Job Title":"Level 3 - in charge of 1 or no persons","Hourly pay rate":"$10.46","Saturday":"$13.08","Sunday":"$15.69","Public holiday":"$26.15","Age":"16 years","Job Type":"Full time & Part time"},
{"Job Title":"Level 3 - in charge of 2 or more persons","Hourly pay rate":"$10.59","Saturday":"$13.24","Sunday":"$15.89","Public holiday":"$26.48","Age":"16 years","Job Type":"Full time & Part time"},
{"Job Title":"Level 1","Hourly pay rate":"$11.67","Saturday":"$14.59","Sunday":"$17.51","Public holiday":"$29.18","Age":"17 years","Job Type":"Full time & Part time"},
{"Job Title":"Level 2","Hourly pay rate":"$12.37","Saturday":"$15.46","Sunday":"$18.56","Public holiday":"$30.93","Age":"17 years","Job Type":"Full time & Part time"},
{"Job Title":"Level 3 - in charge of 1 or no persons","Hourly pay rate":"$12.56","Saturday":"$15.70","Sunday":"$18.84","Public holiday":"$31.40","Age":"17 years","Job Type":"Full time & Part time"},
{"Job Title":"Level 3 - in charge of 2 or more persons","Hourly pay rate":"$12.71","Saturday":"$15.89","Sunday":"$19.07","Public holiday":"$31.78","Age":"17 years","Job Type":"Full time & Part time"},
{"Job Title":"Level 1","Hourly pay rate":"$13.61","Saturday":"$17.01","Sunday":"$20.42","Public holiday":"$34.03","Age":"18 years","Job Type":"Full time & Part time"},
{"Job Title":"Level 2","Hourly pay rate":"$14.43","Saturday":"$18.04","Sunday":"$21.65","Public holiday":"$36.08","Age":"18 years","Job Type":"Full time & Part time"},
{"Job Title":"Level 3 - in charge of 1 or no persons","Hourly pay rate":"$14.65","Saturday":"$18.31","Sunday":"$21.98","Public holiday":"$36.63","Age":"18 years","Job Type":"Full time & Part time"},
{"Job Title":"Level 3 - in charge of 2 or more persons","Hourly pay rate":"$14.83","Saturday":"$18.54","Sunday":"$22.25","Public holiday":"$37.08","Age":"18 years","Job Type":"Full time & Part time"},
{"Job Title":"Level 1","Hourly pay rate":"$15.55","Saturday":"$19.44","Sunday":"$23.33","Public holiday":"$38.88","Age":"19 years","Job Type":"Full time & Part time"},
{"Job Title":"Level 2","Hourly pay rate":"$16.49","Saturday":"$20.61","Sunday":"$24.74","Public holiday":"$41.23","Age":"19 years","Job Type":"Full time & Part time"},
{"Job Title":"Level 3 - in charge of 1 or no persons","Hourly pay rate":"$16.74","Saturday":"$20.93","Sunday":"$25.11","Public holiday":"$41.85","Age":"19 years","Job Type":"Full time & Part time"},
{"Job Title":"Level 3 - in charge of 2 or more persons","Hourly pay rate":"$16.95","Saturday":"$21.19","Sunday":"$25.43","Public holiday":"$42.38","Age":"19 years","Job Type":"Full time & Part time"},
{"Job Title":"Level 1","Hourly pay rate":"$17.50","Saturday":"$21.88","Sunday":"$26.25","Public holiday":"$43.75","Age":"20 years","Job Type":"Full time & Part time"},
{"Job Title":"Level 2","Hourly pay rate":"$18.55","Saturday":"$23.19","Sunday":"$27.83","Public holiday":"$46.38","Age":"20 years","Job Type":"Full time & Part time"},
{"Job Title":"Level 3 - in charge of 1 or no persons","Hourly pay rate":"$18.84","Saturday":"$23.55","Sunday":"$28.26","Public holiday":"$47.10","Age":"20 years","Job Type":"Full time & Part time"},
{"Job Title":"Level 3 - in charge of 2 or more persons","Hourly pay rate":"$19.07","Saturday":"$23.84","Sunday":"$28.61","Public holiday":"$47.68","Age":"20 years","Job Type":"Full time & Part time"},
{"Job Title":"Level 1","Hourly pay rate":"$9.73","Saturday":"$11.67","Sunday":"$13.62","Public holiday":"$21.40","Age":"Under 16 years","Job Type":"Casual"},
{"Job Title":"Level 2","Hourly pay rate":"$10.31","Saturday":"$12.38","Sunday":"$14.44","Public holiday":"$22.69","Age":"Under 16 years","Job Type":"Casual"},
{"Job Title":"Level 3 - in charge of 1 or no persons","Hourly pay rate":"$10.46","Saturday":"$12.56","Sunday":"$14.65","Public holiday":"$23.02","Age":"Under 16 years","Job Type":"Casual"},
{"Job Title":"Level 3 - in charge of 2 or more persons","Hourly pay rate":"$10.59","Saturday":"$12.71","Sunday":"$14.83","Public holiday":"$23.30","Age":"Under 16 years","Job Type":"Casual"},
{"Job Title":"Level 1","Hourly pay rate":"$12.15","Saturday":"$14.58","Sunday":"$17.01","Public holiday":"$26.73","Age":"16 years","Job Type":"Casual"},
{"Job Title":"Level 2","Hourly pay rate":"$12.89","Saturday":"$15.47","Sunday":"$18.05","Public holiday":"$28.36","Age":"16 years","Job Type":"Casual"},
{"Job Title":"Level 3 - in charge of 1 or no persons","Hourly pay rate":"$13.08","Saturday":"$15.69","Sunday":"$18.31","Public holiday":"$28.77","Age":"16 years","Job Type":"Casual"},
{"Job Title":"Level 3 - in charge of 2 or more persons","Hourly pay rate":"$13.24","Saturday":"$15.89","Sunday":"$18.54","Public holiday":"$29.13","Age":"16 years","Job Type":"Casual"},
{"Job Title":"Level 1","Hourly pay rate":"$14.59","Saturday":"$17.51","Sunday":"$20.43","Public holiday":"$32.10","Age":"17 years","Job Type":"Casual"},
{"Job Title":"Level 2","Hourly pay rate":"$15.46","Saturday":"$18.56","Sunday":"$21.65","Public holiday":"$34.02","Age":"17 years","Job Type":"Casual"},
{"Job Title":"Level 3 - in charge of 1 or no persons","Hourly pay rate":"$15.70","Saturday":"$18.84","Sunday":"$21.98","Public holiday":"$34.54","Age":"17 years","Job Type":"Casual"},
{"Job Title":"Level 3 - in charge of 2 or more persons","Hourly pay rate":"$15.89","Saturday":"$19.07","Sunday":"$22.25","Public holiday":"$34.96","Age":"17 years","Job Type":"Casual"},
{"Job Title":"Level 1","Hourly pay rate":"$17.01","Saturday":"$20.42","Sunday":"$23.82","Public holiday":"$37.43","Age":"18 years","Job Type":"Casual"},
{"Job Title":"Level 2","Hourly pay rate":"$18.04","Saturday":"$21.65","Sunday":"$25.26","Public holiday":"$39.69","Age":"18 years","Job Type":"Casual"},
{"Job Title":"Level 3 - in charge of 1 or no persons","Hourly pay rate":"$18.31","Saturday":"$21.98","Sunday":"$25.64","Public holiday":"$40.29","Age":"18 years","Job Type":"Casual"},
{"Job Title":"Level 3 - in charge of 2 or more persons","Hourly pay rate":"$18.54","Saturday":"$22.25","Sunday":"$25.96","Public holiday":"$40.79","Age":"18 years","Job Type":"Casual"},
{"Job Title":"Level 1","Hourly pay rate":"$19.44","Saturday":"$23.33","Sunday":"$27.22","Public holiday":"$42.77","Age":"19 years","Job Type":"Casual"},
{"Job Title":"Level 2","Hourly pay rate":"$20.61","Saturday":"$24.74","Sunday":"$28.86","Public holiday":"$45.35","Age":"19 years","Job Type":"Casual"},
{"Job Title":"Level 3 - in charge of 1 or no persons","Hourly pay rate":"$20.93","Saturday":"$25.11","Sunday":"$29.30","Public holiday":"$46.04","Age":"19 years","Job Type":"Casual"},
{"Job Title":"Level 3 - in charge of 2 or more persons","Hourly pay rate":"$21.19","Saturday":"$25.43","Sunday":"$29.67","Public holiday":"$46.62","Age":"19 years","Job Type":"Casual"},
{"Job Title":"Level 1","Hourly pay rate":"$21.88","Saturday":"$26.25","Sunday":"$30.63","Public holiday":"$48.13","Age":"20 years","Job Type":"Casual"},
{"Job Title":"Level 2","Hourly pay rate":"$23.19","Saturday":"$27.83","Sunday":"$32.47","Public holiday":"$51.02","Age":"20 years","Job Type":"Casual"},
{"Job Title":"Level 3 - in charge of 1 or no persons","Hourly pay rate":"$23.55","Saturday":"$28.26","Sunday":"$32.97","Public holiday":"$51.81","Age":"20 years","Job Type":"Casual"},
{"Job Title":"Level 3 - in charge of 2 or more persons","Hourly pay rate":"$23.84","Saturday":"$28.61","Sunday":"$33.38","Public holiday":"$52.45","Age":"20 years","Job Type":"Casual"}]

