[
  {
    "tipNum": "1",
    "feature": "Name and contact details including address, email and telephone."
  },
  {
    "tipNum": "2",
    "feature": "Career overview - a brief relevant statement of your main qualifications and relevant experience."
  },
  {
    "tipNum": "3",
    "feature": "Career goal or objective - this is optional, and can focus the reader on the career path you are seeking."
  },
  {
    "tipNum": "4",
    "feature": "Employment history - list the employers you have worked for chronologically."
  },
  {
    "tipNum": "4",
    "feature": "Education and qualifications - list any education or training, including the name of the education provider and years attended. List your most important qualification first."
  },
  {
    "tipNum": "5",
    "feature": "Employment history - list the employers you have worked for chronologically."
  },
  {
    "tipNum": "6",
    "feature": "Professional memberships - include a section on professional memberships, especially if this is required in your industry."
  },
  {
    "tipNum": "7",
    "feature": "Concluding statements - statements can be added, but should be brief and not include new information."
  },
  {
    "tipNum": "8",
    "feature": "Key skills relevant to the job (and examples of how you've used them). Software skills relevant to the job and industry."
  },
  {
    "tipNum": "9",
    "feature": "A description and demonstration of personal qualities that are appropriate to the job."
  },
  {
    "tipNum": "10",
    "feature": "Referees or references – if the job application requires a referee, list two to three here or otherwise say that they are available upon request.  Speak to your referees in advance to confirm that it is OK to list them in your resume. When you apply for a job, let your referees know the details of the job so they will be prepared to answer questions from the employer or recruiter."
  }
]