[{"visaNumber":500,"visaName":"Student Visa","aboutVisa":"This visa is for students who want to come to Australia to study at a registered education institution.\n \u2022 You can study a registered full-time course in Australia.\n \u2022 Eligible family members can accompany you to Australia.\n \u2022 You and your family members can generally work a specified number of hours.\n \u2022 You can generally stay in Australia until your course is finished.","eligibility":"Before you apply for this visa, you must have:\n \u2022 been accepted to study full-time in a registered course at an educational institution in Australia\n \u2022 organised appropriate welfare arrangements for the duration of your intended stay in Australia if you are under 18 years of age.","application":"You must apply for this visa online.\nYou can apply when you are in or outside Australia.\nAfter you have gathered and scanned the documents that support your application, create an account and apply for your student visa with our online application system - ImmiAccount.\nIf you do not provide the documents requested, your visa application could be refused.","acceptNewApply":"YES","type":"Student"},
{"visaNumber":590,"visaName":"Student Guardian Visa","aboutVisa":"This visa is for someone to come to Australia to provide care and support for:\n \u2022 a student visa holder who is under 18 years of age or\n \u2022 a student visa holder who is 18 years of age or older and needs care and support due to exceptional circumstances.\nYou can apply for this visa from in or outside Australia.","eligibility":"To be eligible for this visa you must:\n \u2022 be a parent or person who has custody of the student, or a relative who is 21 years or older and has been nominated in writing by a parent or someone who has custody of the student\n \u2022 not bring family members younger than 6 years of age, except under certain circumstances\n \u2022 be able to provide accommodation, general welfare and other support to the student unless you are applying for this visa with the support of the government your home country.","application":"You must apply for this visa online through ImmiAccount. If you do not have an ImmiAccount, you can create one.\nYou can apply for this visa:\n \u2022 at the same time as the student\n \u2022 after the student has applied\n \u2022 after the student has been granted their visa, in which case the student would have demonstrated that other welfare arrangements were in place to meet their visa requirements.\n \u2022 You can be in or outside Australia when you apply for this visa.","acceptNewApply":"YES","type":"Student"},
{"visaNumber":571,"visaName":"Schools Sector visa","aboutVisa":"You can no longer apply for a Schools Sector visa (subclass 571). It closed for new applications on 1 July 2016. From 1 July 2016, if you need to extend your stay in Australia, you must apply for a Student Visa (subclass 500).","eligibility":"","application":"","acceptNewApply":"NO","type":"Student"},
{"visaNumber":572,"visaName":"Vocational Education and Training Sector visa","aboutVisa":"You can no longer apply for the Vocational Education and Training Sector visa (subclass 572). It closed for new applications on 1 July 2016. From 1 July 2016, if you need to extend your stay in Australia, you must apply for a Student Visa (subclass 500).","eligibility":"","application":"","acceptNewApply":"NO","type":"Student"},
{"visaNumber":573,"visaName":"Higher Education Sector visa","aboutVisa":"You can no longer apply for the Higher Education Sector visa (subclass 573). It closed for new applications on 1 July 2016. From 1 July 2016, if you need to extend your stay in Australia, you must apply for a Student Visa (subclass 500).","eligibility":"","application":"","acceptNewApply":"NO","type":"Student"},
{"visaNumber":485,"visaName":"Temporaray Graduate visa","aboutVisa":"The Temporary Graduate visa (subclass 485) lets you live, study and work in Australia temporarily after you have finished your studies. Students are only able to access the Temporary Graduate visa (subclass 485) once as a primary applicant.\nThis visa has two streams:\n \u2022 Graduate Work stream - for international students with an eligible qualification who graduate with skills and qualifications that relate to an occupation on the Skilled Occupation List (SOL). A visa in this stream is granted for 18 months from the date of grant.\n \u2022 Post-Study Work stream - for international students who graduate with a higher education degree from an Australian education provider, regardless of their field of study. This stream is only available to students who applied for, and were granted, their first student visa to Australia on or after 5 November 2011. A visa in this stream can be granted for up to four years from the date the visa is granted, depending on the visa applicant's qualification.","eligibility":"Supporting evidence must be provided at the time you lodge your application. Requirements for this visa include:\n \u2022 you must be younger than 50 years of age\n \u2022 you must hold an eligible visa\n \u2022 you must have included in your application evidence that you have met the English language requirement\n \u2022 you must meet the Australian study requirement in the last six months\n \u2022 you must meet health and character requirements.\n \u2022 you must have health insurance in Australia\n \u2022 you must meet the specific requirements of the stream in which you are applying for this visa.","application":"This information tells you whether you might be eligible to apply for a Temporary Graduate visa (subclass 485).\nSupporting evidence must be provided at the time you lodge your application. Requirements for this visa include:\n \u2022 you must be younger than 50 years of age\n \u2022 you must hold an eligible visa\n \u2022 you must have included in your application evidence that\n \u2022 you have met the English language requirement\n \u2022 you must meet the Australian study requirement in the last six months\n \u2022 you must meet health and character requirements.\n \u2022 you must have health insurance in Australia\n \u2022 you must meet the specific requirements of the stream in which you are applying for this visa.","acceptNewApply":"YES","type":"Student"},
{"visaNumber":489,"visaName":"Skilled Regional visa","aboutVisa":"The Skilled-Regional (Provisional) visa (subclass 489) is for skilled workers and their families to live, work and study in specified regional areas in Australia for four years.\nThere are two pathways for this visa:\n \u2022 the Invited Pathway\n \u2022 the Extended Stay Pathway - you must hold a provisional visa in subclass 475, 487, 495 or 496.\nFor family members who are included in your visa application (in either visa pathways), they must be a family member of someone who already holds this visa (subclass 489) or a provisional visa in subclass 475, 487, 495 or 496.","eligibility":"For you to apply for this visa, one of the following must apply to you:\n \u2022 Invited Pathway - you have submitted an expression of interest and you were invited to apply as a skilled worker for this visa\n \u2022 Extended Stay Pathway - you have held a provisional visa in subclass 475, 487, 495 or 496 for at least two years and want to extend your stay in Australia\n \u2022 You are a family member of someone who holds this visa (subclass 489) or a provisional visa in subclass 475, 487, 495 or 496.\n \u2022 You and your family members must also meet Australia's health and character requirements.","application":"This information tells you whether you might be eligible to apply for a Skilled-Regional (Provisional) visa (subclass 489).\nIf you are invited to apply for this visa (in the Invited Pathway), you will have 60 days to do so. Invitations are based on claims you made in your expression of interest, so your application must be consistent with the information you provided in your expression of interest and it must be supported by evidence.","acceptNewApply":"YES","type":"Student"},
{"visaNumber":417,"visaName":"Working Holiday visa","aboutVisa":"The Working Holiday visa (subclass 417) is a temporary visa for young people who want to holiday and work in Australia for up to a year. It is a temporary visa that encourages cultural exchange and closer ties between Australia and eligible countries.\nFirst Working Holiday visa: You must be outside Australia when you apply for your first Working Holiday visa and when the visa is decided.\nSecond Working Holiday visa: If you apply in Australia, you must be in Australia when the visa is granted. If you apply outside Australia, you must be outside Australia when the visa is granted.\nWorking in Australia - six months with one employer: You can generally only work six months with one employer. More information is available at Working in Australia - six months with one employer","eligibility":"To apply for this visa, you must hold a valid passport from a country involved in the Working Holiday Program with Australia. Eligible countries are:\n \u2022 Belgium\n \u2022 Canada\n \u2022 Republic of Cyprus\n \u2022 Denmark\n \u2022 Estonia\n \u2022 Finland\n \u2022 France\n \u2022 GermanyHong\n \u2022 Kong Special Administrative Region of the People's Republic of China (including British National Overseas passport holders)\n \u2022 Republic of Ireland\n \u2022 Italy\n \u2022 Japan\n \u2022 Republic of Korea\n \u2022 Malta\n \u2022 Netherlands\n \u2022 Norway\n \u2022 Sweden\n \u2022 Taiwan\n \u2022 United Kingdom.","application":"This information tells you what you need to do to apply for a Working Holiday visa (subclass 417).\nYou might be able to get this visa if you:\n \u2022 have not previously entered Australia on a Work and Holiday (Temporary) visa (subclass 462)\n \u2022 hold a valid passport from a country involved in the Working Holiday Program with Australia\n \u2022 have turned 18 years of age but have not yet turned 31\n \u2022 are a genuine visitor who wants to have a holiday in Australia\n \u2022 have enough money to support yourself on a working holiday (about AUD 5000)\n \u2022 have enough money to buy a return or onward travel ticket at the end of your stay\n \u2022 will not be accompanied by dependent children at any time during your stay.","acceptNewApply":"YES","type":"Working"},
{"visaNumber":462,"visaName":"Work and Holiday visa","aboutVisa":"The Work and Holiday (Temporary) visa (subclass 462) is for young people who want to holiday and work in Australia for up to a year.\nIt is a temporary visa that encourages cultural exchange and closer ties between Australia and eligible countries.\nWorking in Australia - six months with one employer: You can generally only work six months with one employer. More information is available at Working in Australia - six months with one employer","eligibility":"You might be able to get this visa if you:\n \u2022 are at least 18 but have not turned 31 years of age at the time you lodge your application\n \u2022 will not be with a dependent child while you are in Australia \n \u2022 have enough money to support yourself on a working holiday (about AUD 5000)\n \u2022 have enough money to buy a return or onward travel ticket at the end of your stay\n \u2022 have not previously entered Australia on a Work and Holiday visa (subclass 462) or a Working Holiday visa (subclass 417)\n \u2022 meet the educational requirements\n \u2022 have functional English\n \u2022 have a letter of support from your government (except applicants from Israel, the\n \u2022 PeopleÕs Republic of China and the United States of America)\n \u2022 meet character and health requirements\n \u2022 are a genuine visitor.","application":"This information tells you what you need to do to apply for a Work and Holiday (Temporary) visa (subclass 462).\nYou might be able to get this visa if you:\n \u2022 are at least 18 but have not turned 31 years of age at the time you lodge your application\n \u2022 will not be with a dependent child while you are in Australia \n \u2022 have enough money to support yourself on a working holiday (about AUD 5000)\n \u2022 have enough money to buy a return or onward travel ticket at the end of your stay\n \u2022 have not previously entered Australia on a Work and Holiday visa (subclass 462) or a Working Holiday visa (subclass 417)\n\n \u2022 meet the educational requirements\n \u2022 have functional English\n \u2022 have a letter of support from your government (except applicants from Israel, the PeopleÕs Republic of China and the United States of America)\n \u2022 meet character and health requirements\n \u2022 are a genuine visitor.","acceptNewApply":"YES","type":"Working"},
{"visaNumber":457,"visaName":"Temporary Work (Skilled) visa","aboutVisa":"The Temporary Work (Skilled) visa (subclass 457) allows skilled workers to come to Australia and work for an approved business for up to four years.\nYou must be sponsored by an approved business. A business can sponsor someone for this visa if they cannot find an Australian citizen or permanent resident to do the skilled work.\nYou can be in or outside Australia when you lodge your application.","eligibility":"To apply you must:\n \u2022 be nominated to work in an approved occupation on the Skilled Occupation Lists\n \u2022 meet the skill requirements for the nominated occupation\n \u2022 meet registration and licensing obligations\n \u2022 speak vocational English\n \u2022 have been nominated by an approved business.","application":"Before you can apply for this visa, your employer must apply to be a sponsor and nominate a position.\nPrepare your documents\nYou need to provide documents to prove the claims you make in the application. The documents are listed in the Document checklist.\nSome documents could take some time to obtain. You should have them ready when you lodge the application to reduce any delays in processing.","acceptNewApply":"YES","type":"Working"}]